Query#	Type	Level	Category	Query	Expected Json Result	Actual Json Result(Exclude U-Translator Domain)	JsonP/F	Expected String Result	Actual String Result	StringP/F	QueryID	TimeSpent	AudioFile	Dominio
114	1	L2	media player	desactivar repetición	{"AllResults":[{"CommandKind":"MusicPlayerCommand","NativeData":{"CommandType":"MUSIC_PLAYER_RESPONSE_REPEAT_OFF"}}]}	{"AllResults":[{"CommandKind":"MusicPlayerCommand","NativeData":{"CommandType":"MUSIC_PLAYER_RESPONSE_REPEAT_OFF"}}]}	MATCH	MusicPlayerCommand -> MUSIC_PLAYER_RESPONSE_REPEAT_OFF	MusicPlayerCommand -> MUSIC_PLAYER_RESPONSE_REPEAT_OFF	PASS	bc630a84-4a07-2c9d-80e9-64de28deeee7	0.6935	-	MPC
179	1	L1	media player	pausar la canción	{"AllResults":[{"CommandKind":"MusicPlayerCommand","NativeData":{"CommandType":"MUSIC_PLAYER_RESPONSE_PAUSE"}}]}	{"AllResults":[{"CommandKind":"MusicPlayerCommand","NativeData":{"CommandType":"MUSIC_PLAYER_RESPONSE_PAUSE"}}]}	MATCH	MusicPlayerCommand -> MUSIC_PLAYER_RESPONSE_PAUSE	MusicPlayerCommand -> MUSIC_PLAYER_RESPONSE_PAUSE	PASS	1f45dfbb-ebcb-17fd-50e2-bf418ff37c8c	0.7384	-	MPC
180	1	L1	media player	reproducir la canción actual	{"AllResults":[{"CommandKind":"MusicPlayerCommand","NativeData":{"CommandType":"MUSIC_PLAYER_RESPONSE_PLAY_CURRENT_SONG"}}]}	{"AllResults":[{"CommandKind":"MusicPlayerCommand","NativeData":{"CommandType":"MUSIC_PLAYER_RESPONSE_PLAY_CURRENT_SONG"}}]}	MATCH	MusicPlayerCommand -> MUSIC_PLAYER_RESPONSE_PLAY_CURRENT_SONG	MusicPlayerCommand -> MUSIC_PLAYER_RESPONSE_PLAY_CURRENT_SONG	PASS	b3a4c4d1-5728-91c5-0d5b-1e4dd1d11f4a	0.5915	-	MPC
181	1	L1	media player	reproducir la pista anterior	{"AllResults":[{"CommandKind":"MusicPlayerCommand","NativeData":{"CommandType":"MUSIC_PLAYER_RESPONSE_PLAY_LAST_SONG"}}]}	{"AllResults":[{"CommandKind":"MusicPlayerCommand","NativeData":{"CommandType":"MUSIC_PLAYER_RESPONSE_PLAY_LAST_SONG"}}]}	MATCH	MusicPlayerCommand -> MUSIC_PLAYER_RESPONSE_PLAY_LAST_SONG	MusicPlayerCommand -> MUSIC_PLAYER_RESPONSE_PLAY_LAST_SONG	PASS	f9d62466-e06d-0cfc-55da-425486a9027e	0.771	-	MPC
182	1	L1	media player	reproducir la pista número tres	{"AllResults":[{"CommandKind":"MusicPlayerCommand","NativeData":{"CommandType":"MUSIC_PLAYER_RESPONSE_PLAY_NUMBERED_TRACK","PlayNumberedTrackTrackNumber":3.0}}]}	{"AllResults":[{"CommandKind":"MusicPlayerCommand","NativeData":{"CommandType":"MUSIC_PLAYER_RESPONSE_PLAY_NUMBERED_TRACK","PlayNumberedTrackTrackNumber":3}}]}	MATCH	MusicPlayerCommand -> MUSIC_PLAYER_RESPONSE_PLAY_NUMBERED_TRACK -> PlayNumberedTrackTrackNumber:3	MusicPlayerCommand -> MUSIC_PLAYER_RESPONSE_PLAY_NUMBERED_TRACK -> PlayNumberedTrackTrackNumber:3	PASS	32b31348-8b50-cfcd-ef7d-a036c9dae3a0	0.7845	-	MPC
183	1	L1	media player	repetir la canción	{"AllResults":[{"CommandKind":"MusicPlayerCommand","NativeData":{"CommandType":"MUSIC_PLAYER_RESPONSE_REPLAY"}}]}	{"AllResults":[{"CommandKind":"MusicPlayerCommand","NativeData":{"CommandType":"MUSIC_PLAYER_RESPONSE_REPLAY"}}]}	MATCH	MusicPlayerCommand -> MUSIC_PLAYER_RESPONSE_REPLAY	MusicPlayerCommand -> MUSIC_PLAYER_RESPONSE_REPLAY	PASS	cbba04c7-f111-5d1c-f567-c38b96ae08c5	0.7036	-	MPC
184	1	L1	media player	omitir esta canción	{"AllResults":[{"CommandKind":"MusicPlayerCommand","NativeData":{"CommandType":"MUSIC_PLAYER_RESPONSE_SKIP","SkipAmount":0.0}}]}	{"AllResults":[{"CommandKind":"MusicPlayerCommand","NativeData":{"CommandType":"MUSIC_PLAYER_RESPONSE_SKIP","SkipAmount":0}}]}	MATCH	MusicPlayerCommand -> MUSIC_PLAYER_RESPONSE_SKIP -> SkipAmount:0	MusicPlayerCommand -> MUSIC_PLAYER_RESPONSE_SKIP -> SkipAmount:0	PASS	9904ad1e-0c36-4f73-515c-539ea2000a2c	0.7055	-	MPC
185	1	L1	media player	para de reproducir	{"AllResults":[{"CommandKind":"MusicPlayerCommand","NativeData":{"CommandType":"MUSIC_PLAYER_RESPONSE_STOP"}}]}	{"AllResults":[{"CommandKind":"MusicPlayerCommand","NativeData":{"CommandType":"MUSIC_PLAYER_RESPONSE_STOP"}}]}	MATCH	MusicPlayerCommand -> MUSIC_PLAYER_RESPONSE_STOP	MusicPlayerCommand -> MUSIC_PLAYER_RESPONSE_STOP	PASS	404daf69-d99a-6e96-1b5f-b4a5659cabd1	1.3576	-	MPC
187	1	L2	media player	Me gustaría escuchar el próximo álbum	{"AllResults":[{"CommandKind":"MusicPlayerCommand","NativeData":{"CommandType":"MUSIC_PLAYER_RESPONSE_SKIP_ALBUM"}}]}	{"AllResults":[{"CommandKind":"MusicPlayerCommand","NativeData":{"CommandType":"MUSIC_PLAYER_RESPONSE_SKIP_ALBUM"}}]}	MATCH	MusicPlayerCommand -> MUSIC_PLAYER_RESPONSE_SKIP_ALBUM	MusicPlayerCommand -> MUSIC_PLAYER_RESPONSE_SKIP_ALBUM	PASS	27151675-d68d-66d0-dc9f-85af8c8c8871	1.2219	-	MPC
188	1	L2	media player	quisiera escuchar la siguiente pista	{"AllResults":[{"CommandKind":"MusicPlayerCommand","NativeData":{"CommandType":"MUSIC_PLAYER_RESPONSE_SKIP","SkipAmount":0.0}}]}	{"AllResults":[{"CommandKind":"MusicPlayerCommand","NativeData":{"CommandType":"MUSIC_PLAYER_RESPONSE_SKIP","SkipAmount":0}}]}	MATCH	MusicPlayerCommand -> MUSIC_PLAYER_RESPONSE_SKIP -> SkipAmount:0	MusicPlayerCommand -> MUSIC_PLAYER_RESPONSE_SKIP -> SkipAmount:0	PASS	c8a6824c-15fd-2943-bfd8-b183121b6eb9	1.6228	-	MPC
189	1	L2	media player	pausar esta canción	{"AllResults":[{"CommandKind":"MusicPlayerCommand","NativeData":{"CommandType":"MUSIC_PLAYER_RESPONSE_PAUSE"}}]}	{"AllResults":[{"CommandKind":"MusicPlayerCommand","NativeData":{"CommandType":"MUSIC_PLAYER_RESPONSE_PAUSE"}}]}	MATCH	MusicPlayerCommand -> MUSIC_PLAYER_RESPONSE_PAUSE	MusicPlayerCommand -> MUSIC_PLAYER_RESPONSE_PAUSE	PASS	9ff6fab4-abdd-ad08-b090-0bf97197607c	0.8126	-	MPC
190	1	L2	media player	Reproducir música	{"AllResults":[{"CommandKind":"MusicPlayerCommand","NativeData":{"CommandType":"MUSIC_PLAYER_RESPONSE_PLAY_CURRENT_SONG"}}]}	{"AllResults":[{"CommandKind":"MusicPlayerCommand","NativeData":{"CommandType":"MUSIC_PLAYER_RESPONSE_PLAY_CURRENT_SONG"}}]}	MATCH	MusicPlayerCommand -> MUSIC_PLAYER_RESPONSE_PLAY_CURRENT_SONG	MusicPlayerCommand -> MUSIC_PLAYER_RESPONSE_PLAY_CURRENT_SONG	PASS	b2a1bf0b-38fe-7b79-39e2-195d7c0c64cc	0.9055	-	MPC
191	1	L2	media player	Reproducir la siguiente canción	{"AllResults":[{"CommandKind":"MusicPlayerCommand","NativeData":{"CommandType":"MUSIC_PLAYER_RESPONSE_SKIP","SkipAmount":0.0}}]}	{"AllResults":[{"CommandKind":"MusicPlayerCommand","NativeData":{"CommandType":"MUSIC_PLAYER_RESPONSE_SKIP","SkipAmount":0}}]}	MATCH	MusicPlayerCommand -> MUSIC_PLAYER_RESPONSE_SKIP -> SkipAmount:0	MusicPlayerCommand -> MUSIC_PLAYER_RESPONSE_SKIP -> SkipAmount:0	PASS	5b6ac641-4d23-66ad-6e3a-d2280823923d	0.7718	-	MPC
192	1	L2	media player	Reproducir la siguiente pista	{"AllResults":[{"CommandKind":"MusicPlayerCommand","NativeData":{"CommandType":"MUSIC_PLAYER_RESPONSE_SKIP","SkipAmount":0.0}}]}	{"AllResults":[{"CommandKind":"MusicPlayerCommand","NativeData":{"CommandType":"MUSIC_PLAYER_RESPONSE_SKIP","SkipAmount":0}}]}	MATCH	MusicPlayerCommand -> MUSIC_PLAYER_RESPONSE_SKIP -> SkipAmount:0	MusicPlayerCommand -> MUSIC_PLAYER_RESPONSE_SKIP -> SkipAmount:0	PASS	ea1e8a21-11c3-7531-5ee9-78b5a010e877	0.7849	-	MPC
193	1	L2	media player	reproducir la canción anterior	{"AllResults":[{"CommandKind":"MusicPlayerCommand","NativeData":{"CommandType":"MUSIC_PLAYER_RESPONSE_PLAY_LAST_SONG"}}]}	{"AllResults":[{"CommandKind":"MusicPlayerCommand","NativeData":{"CommandType":"MUSIC_PLAYER_RESPONSE_PLAY_LAST_SONG"}}]}	MATCH	MusicPlayerCommand -> MUSIC_PLAYER_RESPONSE_PLAY_LAST_SONG	MusicPlayerCommand -> MUSIC_PLAYER_RESPONSE_PLAY_LAST_SONG	PASS	62926cce-874b-eb1f-e7bf-daaf48b40fbc	0.6785	-	MPC
194	1	L2	media player	activar repetición única	{"AllResults":[{"CommandKind":"MusicPlayerCommand","NativeData":{"CommandType":"MUSIC_PLAYER_RESPONSE_REPEAT_SINGLE"}}]}	{"AllResults":[{"CommandKind":"MusicPlayerCommand","NativeData":{"CommandType":"MUSIC_PLAYER_RESPONSE_REPEAT_SINGLE"}}]}	MATCH	MusicPlayerCommand -> MUSIC_PLAYER_RESPONSE_REPEAT_SINGLE	MusicPlayerCommand -> MUSIC_PLAYER_RESPONSE_REPEAT_SINGLE	PASS	c9441ba1-e962-a196-bf73-43ff7a022483	0.7072	-	MPC
195	1	L2	media player	parar música	{"AllResults":[{"CommandKind":"MusicPlayerCommand","NativeData":{"CommandType":"MUSIC_PLAYER_RESPONSE_STOP"}}]}	{"AllResults":[{"CommandKind":"MusicPlayerCommand","NativeData":{"CommandType":"MUSIC_PLAYER_RESPONSE_STOP"}}]}	MATCH	MusicPlayerCommand -> MUSIC_PLAYER_RESPONSE_STOP	MusicPlayerCommand -> MUSIC_PLAYER_RESPONSE_STOP	PASS	04d00247-8ec5-d7da-98bc-c7387763b91f	0.6119	-	MPC
196	1	L2	media player	detener la música	{"AllResults":[{"CommandKind":"MusicPlayerCommand","NativeData":{"CommandType":"MUSIC_PLAYER_RESPONSE_STOP"}}]}	{"AllResults":[{"CommandKind":"MusicPlayerCommand","NativeData":{"CommandType":"MUSIC_PLAYER_RESPONSE_STOP"}}]}	MATCH	MusicPlayerCommand -> MUSIC_PLAYER_RESPONSE_STOP	MusicPlayerCommand -> MUSIC_PLAYER_RESPONSE_STOP	PASS	278bf291-6cfa-b495-ac21-c27762675c1b	0.7704	-	MPC
197	1	L2	media player	detener esta canción	{"AllResults":[{"CommandKind":"MusicPlayerCommand","NativeData":{"CommandType":"MUSIC_PLAYER_RESPONSE_STOP"}}]}	{"AllResults":[{"CommandKind":"MusicPlayerCommand","NativeData":{"CommandType":"MUSIC_PLAYER_RESPONSE_STOP"}}]}	MATCH	MusicPlayerCommand -> MUSIC_PLAYER_RESPONSE_STOP	MusicPlayerCommand -> MUSIC_PLAYER_RESPONSE_STOP	PASS	f50919d4-47f9-eedb-0173-f450d19cd495	0.6153	-	MPC
198	1	L2	media player	desactivar aleatorio	{"AllResults":[{"CommandKind":"MusicPlayerCommand","NativeData":{"CommandType":"MUSIC_PLAYER_RESPONSE_SHUFFLE_OFF"}}]}	{"AllResults":[{"CommandKind":"MusicPlayerCommand","NativeData":{"CommandType":"MUSIC_PLAYER_RESPONSE_SHUFFLE_OFF"}}]}	MATCH	MusicPlayerCommand -> MUSIC_PLAYER_RESPONSE_SHUFFLE_OFF	MusicPlayerCommand -> MUSIC_PLAYER_RESPONSE_SHUFFLE_OFF	PASS	df32c224-1cf1-ffcd-17c0-fca064c194f6	0.6998	-	MPC
199	1	L2	media player	activar la repetición	{"AllResults":[{"CommandKind":"MusicPlayerCommand","NativeData":{"CommandType":"MUSIC_PLAYER_RESPONSE_REPEAT_ON"}}]}	{"AllResults":[{"CommandKind":"MusicPlayerCommand","NativeData":{"CommandType":"MUSIC_PLAYER_RESPONSE_REPEAT_ON"}}]}	MATCH	MusicPlayerCommand -> MUSIC_PLAYER_RESPONSE_REPEAT_ON	MusicPlayerCommand -> MUSIC_PLAYER_RESPONSE_REPEAT_ON	PASS	7fd3e14f-0741-73d5-6ec9-4a519af43242	0.6315	-	MPC
200	1	L2	media player	activar aleatorio	{"AllResults":[{"CommandKind":"MusicPlayerCommand","NativeData":{"CommandType":"MUSIC_PLAYER_RESPONSE_SHUFFLE_ON"}}]}	{"AllResults":[{"CommandKind":"MusicPlayerCommand","NativeData":{"CommandType":"MUSIC_PLAYER_RESPONSE_SHUFFLE_ON"}}]}	MATCH	MusicPlayerCommand -> MUSIC_PLAYER_RESPONSE_SHUFFLE_ON	MusicPlayerCommand -> MUSIC_PLAYER_RESPONSE_SHUFFLE_ON	PASS	69c51b90-3668-1691-50c1-c173632891dc	0.6265	-	MPC
683	1	L1-V2	media player	Reproducir la última canción otra vez	{"AllResults":[{"CommandKind":"MusicPlayerCommand","NativeData":{"CommandType":"MUSIC_PLAYER_RESPONSE_PLAY_LAST_SONG"}}]}	{"AllResults":[{"CommandKind":"MusicPlayerCommand","NativeData":{"CommandType":"MUSIC_PLAYER_RESPONSE_PLAY_LAST_SONG"}}]}	MATCH	MusicPlayerCommand -> MUSIC_PLAYER_RESPONSE_PLAY_LAST_SONG	MusicPlayerCommand -> MUSIC_PLAYER_RESPONSE_PLAY_LAST_SONG	PASS	ce8e90cb-8c35-6e3e-75f5-de7e47113b4e	0.6295	-	MPC
684	1	L1-V2	media player	Pausar la música	{"AllResults":[{"CommandKind":"MusicPlayerCommand","NativeData":{"CommandType":"MUSIC_PLAYER_RESPONSE_PAUSE"}}]}	{"AllResults":[{"CommandKind":"MusicPlayerCommand","NativeData":{"CommandType":"MUSIC_PLAYER_RESPONSE_PAUSE"}}]}	MATCH	MusicPlayerCommand -> MUSIC_PLAYER_RESPONSE_PAUSE	MusicPlayerCommand -> MUSIC_PLAYER_RESPONSE_PAUSE	PASS	9d3c32d9-2a7a-3233-9d27-56f185d0aa13	0.6412	-	MPC
685	1	L1-V2	media player	Repetir el álbum	{"AllResults":[{"CommandKind":"MusicPlayerCommand","NativeData":{"CommandType":"MUSIC_PLAYER_RESPONSE_REPLAY","UserRequestedAll":true,"UserSpecifiedPlaylist":true}}]}	{"AllResults":[{"CommandKind":"MusicPlayerCommand","NativeData":{"CommandType":"MUSIC_PLAYER_RESPONSE_REPLAY","UserRequestedAll":true,"UserSpecifiedPlaylist":true}}]}	MATCH	MusicPlayerCommand -> MUSIC_PLAYER_RESPONSE_REPLAY -> UserRequestedAll:true -> UserSpecifiedPlaylist:true	MusicPlayerCommand -> MUSIC_PLAYER_RESPONSE_REPLAY -> UserRequestedAll:true -> UserSpecifiedPlaylist:true	PASS	065575a6-c442-8fb8-168c-0dd01fc385db	0.697	-	MPC
686	1	L1-V2	media player	Mezclar estas canciones	{"AllResults":[{"CommandKind":"MusicPlayerCommand","NativeData":{"CommandType":"MUSIC_PLAYER_RESPONSE_SHUFFLE","UserRequestedAll":true,"UserSpecifiedPlaylist":true}}]}	{"AllResults":[{"CommandKind":"MusicPlayerCommand","NativeData":{"CommandType":"MUSIC_PLAYER_RESPONSE_SHUFFLE","UserRequestedAll":true,"UserSpecifiedPlaylist":true}}]}	MATCH	MusicPlayerCommand -> MUSIC_PLAYER_RESPONSE_SHUFFLE -> UserRequestedAll:true -> UserSpecifiedPlaylist:true	MusicPlayerCommand -> MUSIC_PLAYER_RESPONSE_SHUFFLE -> UserRequestedAll:true -> UserSpecifiedPlaylist:true	PASS	bfb6371c-053f-9dbf-9959-788b9d186d44	0.7042	-	MPC
687	1	L1-V2	media player	Apagar repetición	{"AllResults":[{"CommandKind":"MusicPlayerCommand","NativeData":{"CommandType":"MUSIC_PLAYER_RESPONSE_REPEAT_OFF"}}]}	{"AllResults":[{"CommandKind":"MusicPlayerCommand","NativeData":{"CommandType":"MUSIC_PLAYER_RESPONSE_REPEAT_OFF"}}]}	MATCH	MusicPlayerCommand -> MUSIC_PLAYER_RESPONSE_REPEAT_OFF	MusicPlayerCommand -> MUSIC_PLAYER_RESPONSE_REPEAT_OFF	PASS	54940537-ce23-40a7-fa5d-1bb796aad4eb	0.6604	-	MPC
766	1	L1-V2	media player	Reproducir la última canción	{"AllResults":[{"CommandKind":"MusicPlayerCommand","NativeData":{"CommandType":"MUSIC_PLAYER_RESPONSE_PLAY_LAST_SONG"}}]}	{"AllResults":[{"CommandKind":"MusicPlayerCommand","NativeData":{"CommandType":"MUSIC_PLAYER_RESPONSE_PLAY_LAST_SONG"}}]}	MATCH	MusicPlayerCommand -> MUSIC_PLAYER_RESPONSE_PLAY_LAST_SONG	MusicPlayerCommand -> MUSIC_PLAYER_RESPONSE_PLAY_LAST_SONG	PASS	31e6684a-5d2b-8acc-0bb1-efc913d89d47	0.6209	-	MPC
767	1	L1-V2	media player	Saltar la música	{"AllResults":[{"CommandKind":"MusicPlayerCommand","NativeData":{"CommandType":"MUSIC_PLAYER_RESPONSE_SKIP","SkipAmount":0.0}}]}	{"AllResults":[{"CommandKind":"MusicPlayerCommand","NativeData":{"CommandType":"MUSIC_PLAYER_RESPONSE_SKIP","SkipAmount":0}}]}	MATCH	MusicPlayerCommand -> MUSIC_PLAYER_RESPONSE_SKIP -> SkipAmount:0	MusicPlayerCommand -> MUSIC_PLAYER_RESPONSE_SKIP -> SkipAmount:0	PASS	0e08c4fa-aa2e-08ea-41b1-398a435f3c72	0.8359	-	MPC
768	1	L1-V2	media player	Saltar tres canciones	{"AllResults":[{"CommandKind":"MusicPlayerCommand","NativeData":{"CommandType":"MUSIC_PLAYER_RESPONSE_SKIP","SkipAmount":2.0}}]}	{"AllResults":[{"CommandKind":"MusicPlayerCommand","NativeData":{"CommandType":"MUSIC_PLAYER_RESPONSE_SKIP","SkipAmount":2}}]}	MATCH	MusicPlayerCommand -> MUSIC_PLAYER_RESPONSE_SKIP -> SkipAmount:2	MusicPlayerCommand -> MUSIC_PLAYER_RESPONSE_SKIP -> SkipAmount:2	PASS	6e7de91b-14a3-12af-5360-f3434e5a20b7	0.6019	-	MPC
769	1	L1-V2	media player	Me gusta esta canción	{"AllResults":[{"CommandKind":"MusicPlayerCommand","NativeData":{"CommandType":"MUSIC_PLAYER_RESPONSE_THUMBS_UP"}}]}	{"AllResults":[{"CommandKind":"MusicPlayerCommand","NativeData":{"CommandType":"MUSIC_PLAYER_RESPONSE_THUMBS_UP"}}]}	MATCH	MusicPlayerCommand -> MUSIC_PLAYER_RESPONSE_THUMBS_UP	MusicPlayerCommand -> MUSIC_PLAYER_RESPONSE_THUMBS_UP	PASS	947ddf0f-b4ed-8be9-0f5b-38978bf8e472	0.8549	-	MPC
770	1	L1-V2	media player	No me gusta esta canción	{"AllResults":[{"CommandKind":"MusicPlayerCommand","NativeData":{"CommandType":"MUSIC_PLAYER_RESPONSE_THUMBS_DOWN"}}]}	{"AllResults":[{"CommandKind":"MusicPlayerCommand","NativeData":{"CommandType":"MUSIC_PLAYER_RESPONSE_THUMBS_DOWN"}}]}	MATCH	MusicPlayerCommand -> MUSIC_PLAYER_RESPONSE_THUMBS_DOWN	MusicPlayerCommand -> MUSIC_PLAYER_RESPONSE_THUMBS_DOWN	PASS	1cf38705-6e14-396c-e28d-e8e134301c7e	0.9142	-	MPC
773	1	L1-V2	media player	Repetir la música	{"AllResults":[{"CommandKind":"MusicPlayerCommand","NativeData":{"CommandType":"MUSIC_PLAYER_RESPONSE_REPLAY"}}]}	{"AllResults":[{"CommandKind":"MusicPlayerCommand","NativeData":{"CommandType":"MUSIC_PLAYER_RESPONSE_REPLAY"}}]}	MATCH	MusicPlayerCommand -> MUSIC_PLAYER_RESPONSE_REPLAY	MusicPlayerCommand -> MUSIC_PLAYER_RESPONSE_REPLAY	PASS	8cccd9d1-b883-6f5e-a489-bf2420eff7c4	0.6551	-	MPC
774	1	L1-V2	media player	Retroceder la música	{"AllResults":[{"CommandKind":"MusicPlayerCommand","NativeData":{"CommandType":"MUSIC_PLAYER_RESPONSE_REWIND"}}]}	{"AllResults":[{"CommandKind":"MusicPlayerCommand","NativeData":{"CommandType":"MUSIC_PLAYER_RESPONSE_REWIND"}}]}	MATCH	MusicPlayerCommand -> MUSIC_PLAYER_RESPONSE_REWIND -> RewindFastForwardAmountinSeconds:30	MusicPlayerCommand -> MUSIC_PLAYER_RESPONSE_REWIND -> RewindFastForwardAmountinSeconds:30	PASS	de914b79-2763-ef17-4a40-564b4e1b7575	0.6713	-	MPC
775	1	L1-V2	media player	Adelantar dos minutos y medio	{"AllResults":[{"CommandKind":"MusicPlayerCommand","NativeData":{"CommandType":"MUSIC_PLAYER_RESPONSE_FAST_FORWARD","RewindFastForwardAmountInSeconds":150.0}}]}	{"AllResults":[{"CommandKind":"MusicPlayerCommand","NativeData":{"CommandType":"MUSIC_PLAYER_RESPONSE_FAST_FORWARD","RewindFastForwardAmountInSeconds":150}}]}	MATCH	MusicPlayerCommand -> MUSIC_PLAYER_RESPONSE_FAST_FORWARD -> RewindFastForwardAmountInSeconds:150.0	MusicPlayerCommand -> MUSIC_PLAYER_RESPONSE_FAST_FORWARD -> RewindFastForwardAmountInSeconds:150.0	PASS	a194f385-44d5-0a6b-2b36-517eff4001c6	0.5993	-	MPC
776	1	L1-V2	media player	Reproducir la última canción identificada	{"AllResults":[{"CommandKind":"MusicPlayerCommand","NativeData":{"CommandType":"MUSIC_PLAYER_RESPONSE_PLAY_LAST_IDENTIFIED_SONG"}}]}	{"AllResults":[{"CommandKind":"MusicPlayerCommand","NativeData":{"CommandType":"MUSIC_PLAYER_RESPONSE_PLAY_LAST_IDENTIFIED_SONG"}}]}	MATCH	MusicPlayerCommand -> MUSIC_PLAYER_RESPONSE_PLAY_LAST_IDENTIFIED_SONG	MusicPlayerCommand -> MUSIC_PLAYER_RESPONSE_PLAY_LAST_IDENTIFIED_SONG	PASS	50f3b065-2b04-a731-fb54-76a53db5af19	0.6489	-	MPC
777	1	L1-V2	media player	Adelantar al minuto dos	{"AllResults":[{"CommandKind":"MusicPlayerCommand","NativeData":{"CommandType":"MUSIC_PLAYER_RESPONSE_SEEK","SeekOffsetInSeconds":120.0}}]}	{"AllResults":[{"CommandKind":"MusicPlayerCommand","NativeData":{"CommandType":"MUSIC_PLAYER_RESPONSE_SEEK","SeekOffsetInSeconds":120}}]}	MATCH	MusicPlayerCommand -> MUSIC_PLAYER_RESPONSE_SEEK -> SeekOffsetInSeconds:120.0	MusicPlayerCommand -> MUSIC_PLAYER_RESPONSE_SEEK -> SeekOffsetInSeconds:120.0	PASS	4204afbc-2bf3-6afa-67df-e0a43dc9b250	0.6257	-	MPC
778	1	L1-V2	media player	Avanzar a la mitad de la canción	{"AllResults":[{"CommandKind":"MusicPlayerCommand","NativeData":{"CommandType":"MUSIC_PLAYER_RESPONSE_SEEK","SeekOffsetPercentage":40.0}}]}	{"AllResults":[{"CommandKind":"MusicPlayerCommand","NativeData":{"CommandType":"MUSIC_PLAYER_RESPONSE_SEEK","SeekOffsetPercentage":40}}]}	MATCH	MusicPlayerCommand -> MUSIC_PLAYER_RESPONSE_SEEK -> SeekOffsetPercentage:40.0	MusicPlayerCommand -> MUSIC_PLAYER_RESPONSE_SEEK -> SeekOffsetPercentage:40.0	PASS	0e6a87b4-74c3-06f2-186c-db9b4cd4705d	0.8397	-	MPC
779	1	L1-V2	media player	Activar reproducción aleatoria	{"AllResults":[{"CommandKind":"MusicPlayerCommand","NativeData":{"CommandType":"MUSIC_PLAYER_RESPONSE_SHUFFLE_ON"}}]}	{"AllResults":[{"CommandKind":"MusicPlayerCommand","NativeData":{"CommandType":"MUSIC_PLAYER_RESPONSE_SHUFFLE_ON"}}]}	MATCH	MusicPlayerCommand -> MUSIC_PLAYER_RESPONSE_SHUFFLE_ON	MusicPlayerCommand -> MUSIC_PLAYER_RESPONSE_SHUFFLE_ON	PASS	5c265b27-ad53-a905-b594-51a6d4504a01	0.6778	-	MPC
780	1	L1-V2	media player	Desactivar reproducción aleatoria	{"AllResults":[{"CommandKind":"MusicPlayerCommand","NativeData":{"CommandType":"MUSIC_PLAYER_RESPONSE_SHUFFLE_OFF"}}]}	{"AllResults":[{"CommandKind":"MusicPlayerCommand","NativeData":{"CommandType":"MUSIC_PLAYER_RESPONSE_SHUFFLE_OFF"}}]}	MATCH	MusicPlayerCommand -> MUSIC_PLAYER_RESPONSE_SHUFFLE_OFF	MusicPlayerCommand -> MUSIC_PLAYER_RESPONSE_SHUFFLE_OFF	PASS	828535ff-5289-1c52-1092-17a101b75aa0	0.7606	-	MPC
781	1	L1-V2	media player	Activar repetición	{"AllResults":[{"CommandKind":"MusicPlayerCommand","NativeData":{"CommandType":"MUSIC_PLAYER_RESPONSE_REPEAT_ON"}}]}	{"AllResults":[{"CommandKind":"MusicPlayerCommand","NativeData":{"CommandType":"MUSIC_PLAYER_RESPONSE_REPEAT_ON"}}]}	MATCH	MusicPlayerCommand -> MUSIC_PLAYER_RESPONSE_REPEAT_ON	MusicPlayerCommand -> MUSIC_PLAYER_RESPONSE_REPEAT_ON	PASS	4545e9fe-6e91-311b-a77d-06c34333947a	0.5934	-	MPC
2453	1	L3-survey	media player	activar modo aleatorio	{"AllResults":[{"CommandKind":"MusicPlayerCommand","NativeData":{"CommandType":"MUSIC_PLAYER_RESPONSE_SHUFFLE_ON"}}]}	{"AllResults":[{"CommandKind":"MusicPlayerCommand","NativeData":{"CommandType":"MUSIC_PLAYER_RESPONSE_SHUFFLE_ON"}}]}	MATCH	MusicPlayerCommand -> MUSIC_PLAYER_RESPONSE_SHUFFLE_ON	MusicPlayerCommand -> MUSIC_PLAYER_RESPONSE_SHUFFLE_ON	PASS	15a17cc5-450a-89c0-0162-2beacae9c3f4	0.8519	-	MPC
2454	1	L3-survey	media player	adelanta 1 minuto de canción	{"AllResults":[{"CommandKind":"MusicPlayerCommand","NativeData":{"CommandType":"MUSIC_PLAYER_RESPONSE_FAST_FORWARD","RewindFastForwardAmountInSeconds":60.0}}]}	{"AllResults":[{"CommandKind":"MusicPlayerCommand","NativeData":{"CommandType":"MUSIC_PLAYER_RESPONSE_FAST_FORWARD","RewindFastForwardAmountInSeconds":60}}]}	MATCH	MusicPlayerCommand -> MUSIC_PLAYER_RESPONSE_FAST_FORWARD -> RewindFastForwardAmountInSeconds:60.0	MusicPlayerCommand -> MUSIC_PLAYER_RESPONSE_FAST_FORWARD -> RewindFastForwardAmountInSeconds:60.0	PASS	148d88b1-2c4d-7400-96a4-8591d9d489fc	1.6876	-	MPC
2455	1	L3-survey	media player	adelanta 3 canciones	{"AllResults":[{"CommandKind":"MusicPlayerCommand","NativeData":{"CommandType":"MUSIC_PLAYER_RESPONSE_SKIP"}}]}	{"AllResults":[{"CommandKind":"MusicPlayerCommand","NativeData":{"CommandType":"MUSIC_PLAYER_RESPONSE_SKIP"}}]}	MATCH	MusicPlayerCommand -> MUSIC_PLAYER_RESPONSE_SKIP -> SkipAmount:2	MusicPlayerCommand -> MUSIC_PLAYER_RESPONSE_SKIP -> SkipAmount:2	PASS	b72e40bb-aa44-a469-07dd-fad839217deb	1.0493	-	MPC
2456	1	L3-survey	media player	adelanta 40 segundos	{"AllResults":[{"CommandKind":"MusicPlayerCommand","NativeData":{"CommandType":"MUSIC_PLAYER_RESPONSE_FAST_FORWARD","RewindFastForwardAmountInSeconds":40.0}}]}	{"AllResults":[{"CommandKind":"MusicPlayerCommand","NativeData":{"CommandType":"MUSIC_PLAYER_RESPONSE_FAST_FORWARD","RewindFastForwardAmountInSeconds":40}}]}	MATCH	MusicPlayerCommand -> MUSIC_PLAYER_RESPONSE_FAST_FORWARD -> RewindFastForwardAmountInSeconds:40.0	MusicPlayerCommand -> MUSIC_PLAYER_RESPONSE_FAST_FORWARD -> RewindFastForwardAmountInSeconds:40.0	PASS	e7aceca4-4f58-963e-d6a2-e916ddec3939	1.0819	-	MPC
2457	1	L3-survey	media player	adelanta 5 canciones	{"AllResults":[{"CommandKind":"MusicPlayerCommand","NativeData":{"CommandType":"MUSIC_PLAYER_RESPONSE_SKIP"}}]}	{"AllResults":[{"CommandKind":"MusicPlayerCommand","NativeData":{"CommandType":"MUSIC_PLAYER_RESPONSE_SKIP"}}]}	MATCH	MusicPlayerCommand -> MUSIC_PLAYER_RESPONSE_SKIP -> SkipAmount:4	MusicPlayerCommand -> MUSIC_PLAYER_RESPONSE_SKIP -> SkipAmount:4	PASS	fb37c990-ce9d-1e0e-3d9e-38f52a9a44a2	1.0585	-	MPC
2469	1	L3-survey	media player	apagar modo repetición	{"AllResults":[{"CommandKind":"MusicPlayerCommand","NativeData":{"CommandType":"MUSIC_PLAYER_RESPONSE_REPEAT_OFF"}}]}	{"AllResults":[{"CommandKind":"MusicPlayerCommand","NativeData":{"CommandType":"MUSIC_PLAYER_RESPONSE_REPEAT_OFF"}}]}	MATCH	MusicPlayerCommand -> MUSIC_PLAYER_RESPONSE_REPEAT_OFF	MusicPlayerCommand -> MUSIC_PLAYER_RESPONSE_REPEAT_OFF	PASS	f3011c02-4176-11b7-dd4d-caefd9969255	0.6927	-	MPC
2471	1	L3-survey	media player	atrás 20 segundos	{"AllResults":[{"CommandKind":"MusicPlayerCommand","NativeData":{"CommandType":"MUSIC_PLAYER_RESPONSE_REWIND"}}]}	{"AllResults":[{"CommandKind":"MusicPlayerCommand","NativeData":{"CommandType":"MUSIC_PLAYER_RESPONSE_REWIND"}}]}	MATCH	MusicPlayerCommand -> MUSIC_PLAYER_RESPONSE_REWIND -> RewindFastForwardAmountinSeconds:20	MusicPlayerCommand -> MUSIC_PLAYER_RESPONSE_REWIND -> RewindFastForwardAmountinSeconds:20	PASS	3c729b67-0618-a69c-3768-a3e21e9d4058	0.8486	-	MPC
2472	1	L3-survey	media player	avanza 15 segundos	{"AllResults":[{"CommandKind":"MusicPlayerCommand","NativeData":{"CommandType":"MUSIC_PLAYER_RESPONSE_FAST_FORWARD","RewindFastForwardAmountInSeconds":15.0}}]}	{"AllResults":[{"CommandKind":"MusicPlayerCommand","NativeData":{"CommandType":"MUSIC_PLAYER_RESPONSE_FAST_FORWARD","RewindFastForwardAmountInSeconds":15}}]}	MATCH	MusicPlayerCommand -> MUSIC_PLAYER_RESPONSE_FAST_FORWARD -> RewindFastForwardAmountInSeconds:15.0	MusicPlayerCommand -> MUSIC_PLAYER_RESPONSE_FAST_FORWARD -> RewindFastForwardAmountInSeconds:15.0	PASS	ad9a4a8e-d80c-4f34-4869-56ca95c3227e	0.8909	-	MPC
2473	1	L3-survey	media player	avanza diez segundos	{"AllResults":[{"CommandKind":"MusicPlayerCommand","NativeData":{"CommandType":"MUSIC_PLAYER_RESPONSE_FAST_FORWARD","RewindFastForwardAmountInSeconds":10.0}}]}	{"AllResults":[{"CommandKind":"MusicPlayerCommand","NativeData":{"CommandType":"MUSIC_PLAYER_RESPONSE_FAST_FORWARD","RewindFastForwardAmountInSeconds":10}}]}	MATCH	MusicPlayerCommand -> MUSIC_PLAYER_RESPONSE_FAST_FORWARD -> RewindFastForwardAmountInSeconds:10.0	MusicPlayerCommand -> MUSIC_PLAYER_RESPONSE_FAST_FORWARD -> RewindFastForwardAmountInSeconds:10.0	PASS	55d98213-9ae4-78a8-d8ec-de26b39b64e6	0.8737	-	MPC
2474	1	L3-survey	media player	brincar la canción que se está reproduciendo	{"AllResults":[{"CommandKind":"MusicPlayerCommand","NativeData":{"CommandType":"MUSIC_PLAYER_RESPONSE_SKIP"}}]}	{"AllResults":[{"CommandKind":"MusicPlayerCommand","NativeData":{"CommandType":"MUSIC_PLAYER_RESPONSE_SKIP"}}]}	MATCH	MusicPlayerCommand -> MUSIC_PLAYER_RESPONSE_SKIP -> SkipAmount:0	MusicPlayerCommand -> MUSIC_PLAYER_RESPONSE_SKIP -> SkipAmount:0	PASS	ce157073-ff6d-336f-be2b-90a72b8dbb86	0.7704	-	MPC
2475	1	L3-survey	media player	brincar la siguiente canción	{"AllResults":[{"CommandKind":"MusicPlayerCommand","NativeData":{"CommandType":"MUSIC_PLAYER_RESPONSE_SKIP"}}]}	{"AllResults":[{"CommandKind":"MusicPlayerCommand","NativeData":{"CommandType":"MUSIC_PLAYER_RESPONSE_SKIP"}}]}	MATCH	MusicPlayerCommand -> MUSIC_PLAYER_RESPONSE_SKIP -> SkipAmount:0	MusicPlayerCommand -> MUSIC_PLAYER_RESPONSE_SKIP -> SkipAmount:0	PASS	bf04a25e-e614-77c8-e60e-a35fd0c9a294	0.6991	-	MPC
2476	1	L3-survey	media player	cambia a la tercera canción	{"AllResults":[{"CommandKind":"MusicPlayerCommand","NativeData":{"CommandType":"MUSIC_PLAYER_RESPONSE_PLAY_NUMBERED_TRACK"}}]}	{"AllResults":[{"CommandKind":"MusicPlayerCommand","NativeData":{"CommandType":"MUSIC_PLAYER_RESPONSE_PLAY_NUMBERED_TRACK"}}]}	MATCH	MusicPlayerCommand -> MUSIC_PLAYER_RESPONSE_PLAY_NUMBERED_TRACK -> PlayNumberedTrackTrackNumber:3	MusicPlayerCommand -> MUSIC_PLAYER_RESPONSE_PLAY_NUMBERED_TRACK -> PlayNumberedTrackTrackNumber:3	PASS	06cf56ef-50df-03d7-7777-1331c883d508	0.9865	-	MPC
2477	1	L3-survey	media player	cámbiame de canción	{"AllResults":[{"CommandKind":"MusicPlayerCommand","NativeData":{"CommandType":"MUSIC_PLAYER_RESPONSE_SKIP"}}]}	{"AllResults":[{"CommandKind":"MusicPlayerCommand","NativeData":{"CommandType":"MUSIC_PLAYER_RESPONSE_SKIP"}}]}	MATCH	MusicPlayerCommand -> MUSIC_PLAYER_RESPONSE_SKIP -> SkipAmount:0	MusicPlayerCommand -> MUSIC_PLAYER_RESPONSE_SKIP -> SkipAmount:0	PASS	433b3726-138b-3aad-de5c-7cb6c3a878d9	1.1671	-	MPC
2481	1	L3-survey	media player	canción previa	{"AllResults":[{"CommandKind":"MusicPlayerCommand","NativeData":{"CommandType":"MUSIC_PLAYER_RESPONSE_SKIP","SkipAmount":-1.0}}]}	{"AllResults":[{"CommandKind":"MusicPlayerCommand","NativeData":{"CommandType":"MUSIC_PLAYER_RESPONSE_SKIP","SkipAmount":-1}}]}	MATCH	MusicPlayerCommand -> MUSIC_PLAYER_RESPONSE_SKIP -> SkipAmount:-1	MusicPlayerCommand -> MUSIC_PLAYER_RESPONSE_SKIP -> SkipAmount:-1	PASS	516af175-e144-481a-dbe4-0f884e9923d1	0.7589	-	MPC
2482	1	L3-survey	media player	dale a play	{"AllResults":[{"CommandKind":"MusicPlayerCommand","NativeData":{"CommandType":"MUSIC_PLAYER_RESPONSE_PLAY_CURRENT_SONG"}}]}	{"AllResults":[{"CommandKind":"MusicPlayerCommand","NativeData":{"CommandType":"MUSIC_PLAYER_RESPONSE_PLAY_CURRENT_SONG"}}]}	MATCH	MusicPlayerCommand -> MUSIC_PLAYER_RESPONSE_PLAY_CURRENT_SONG	MusicPlayerCommand -> MUSIC_PLAYER_RESPONSE_PLAY_CURRENT_SONG	PASS	d8912db7-db0c-ded5-63c2-f16a44c6a6c7	1.1591	-	MPC
2483	1	L3-survey	media player	deja de reproducir	{"AllResults":[{"CommandKind":"MusicPlayerCommand","NativeData":{"CommandType":"MUSIC_PLAYER_RESPONSE_STOP"}}]}	{"AllResults":[{"CommandKind":"MusicPlayerCommand","NativeData":{"CommandType":"MUSIC_PLAYER_RESPONSE_STOP"}}]}	MATCH	MusicPlayerCommand -> MUSIC_PLAYER_RESPONSE_STOP	MusicPlayerCommand -> MUSIC_PLAYER_RESPONSE_STOP	PASS	c5d24185-7da2-88a7-63ef-b0e668e779b9	1.1287	-	MPC
2484	1	L3-survey	media player	deja de reproducir música	{"AllResults":[{"CommandKind":"MusicPlayerCommand","NativeData":{"CommandType":"MUSIC_PLAYER_RESPONSE_STOP"}}]}	{"AllResults":[{"CommandKind":"MusicPlayerCommand","NativeData":{"CommandType":"MUSIC_PLAYER_RESPONSE_STOP"}}]}	MATCH	MusicPlayerCommand -> MUSIC_PLAYER_RESPONSE_STOP	MusicPlayerCommand -> MUSIC_PLAYER_RESPONSE_STOP	PASS	0c94c4d8-304f-0bf6-fc50-53e339a43dff	1.3519	-	MPC
2485	1	L3-survey	media player	dejar de reproducir	{"AllResults":[{"CommandKind":"MusicPlayerCommand","NativeData":{"CommandType":"MUSIC_PLAYER_RESPONSE_STOP"}}]}	{"AllResults":[{"CommandKind":"MusicPlayerCommand","NativeData":{"CommandType":"MUSIC_PLAYER_RESPONSE_STOP"}}]}	MATCH	MusicPlayerCommand -> MUSIC_PLAYER_RESPONSE_STOP	MusicPlayerCommand -> MUSIC_PLAYER_RESPONSE_STOP	PASS	04974ba2-492f-ed2f-240c-26cab769ba8e	0.6585	-	MPC
2488	1	L3-survey	media player	detén la música	{"AllResults":[{"CommandKind":"MusicPlayerCommand","NativeData":{"CommandType":"MUSIC_PLAYER_RESPONSE_STOP"}}]}	{"AllResults":[{"CommandKind":"MusicPlayerCommand","NativeData":{"CommandType":"MUSIC_PLAYER_RESPONSE_STOP"}}]}	MATCH	MusicPlayerCommand -> MUSIC_PLAYER_RESPONSE_STOP	MusicPlayerCommand -> MUSIC_PLAYER_RESPONSE_STOP	PASS	24f426b8-b621-a508-2bc5-75a0fe4c53c0	0.8471	-	MPC
2489	1	L3-survey	media player	detener canción	{"AllResults":[{"CommandKind":"MusicPlayerCommand","NativeData":{"CommandType":"MUSIC_PLAYER_RESPONSE_STOP"}}]}	{"AllResults":[{"CommandKind":"MusicPlayerCommand","NativeData":{"CommandType":"MUSIC_PLAYER_RESPONSE_STOP"}}]}	MATCH	MusicPlayerCommand -> MUSIC_PLAYER_RESPONSE_STOP	MusicPlayerCommand -> MUSIC_PLAYER_RESPONSE_STOP	PASS	bdd25bca-4709-c3bc-58c5-6a304250bb04	0.6698	-	MPC
2490	1	L3-survey	media player	ejecutar modo aleatorio	{"AllResults":[{"CommandKind":"MusicPlayerCommand","NativeData":{"CommandType":"MUSIC_PLAYER_RESPONSE_SHUFFLE_ON"}}]}	{"AllResults":[{"CommandKind":"MusicPlayerCommand","NativeData":{"CommandType":"MUSIC_PLAYER_RESPONSE_SHUFFLE_ON"}}]}	MATCH	MusicPlayerCommand -> MUSIC_PLAYER_RESPONSE_SHUFFLE_ON	MusicPlayerCommand -> MUSIC_PLAYER_RESPONSE_SHUFFLE_ON	PASS	9d8128e8-7789-ab15-7ff7-d4cd84a84763	0.8513	-	MPC
2492	1	L3-survey	media player	anterior tema	{"AllResults":[{"CommandKind":"MusicPlayerCommand","NativeData":{"CommandType":"MUSIC_PLAYER_RESPONSE_SKIP"}}]}	{"AllResults":[{"CommandKind":"MusicPlayerCommand","NativeData":{"CommandType":"MUSIC_PLAYER_RESPONSE_SKIP"}}]}	MATCH	MusicPlayerCommand -> MUSIC_PLAYER_RESPONSE_SKIP -> SkipAmount:-1	MusicPlayerCommand -> MUSIC_PLAYER_RESPONSE_SKIP -> SkipAmount:-1	PASS	a9e24fb5-53fb-db8d-34a7-3998b75b5941	0.7951	-	MPC
2493	1	L3-survey	media player	escuchar en orden aleatorio	{"AllResults":[{"CommandKind":"MusicPlayerCommand","NativeData":{"CommandType":"MUSIC_PLAYER_RESPONSE_SHUFFLE","UserRequestedAll":true,"UserSpecifiedPlaylist":true}}]}	{"AllResults":[{"CommandKind":"MusicPlayerCommand","NativeData":{"CommandType":"MUSIC_PLAYER_RESPONSE_SHUFFLE","UserRequestedAll":true,"UserSpecifiedPlaylist":true}}]}	MATCH	MusicPlayerCommand -> MUSIC_PLAYER_RESPONSE_SHUFFLE -> UserRequestedAll:true -> UserSpecifiedPlaylist:true	MusicPlayerCommand -> MUSIC_PLAYER_RESPONSE_SHUFFLE -> UserRequestedAll:true -> UserSpecifiedPlaylist:true	PASS	d7999cb7-f91d-892e-280b-7445469f5615	0.7221	-	MPC
2495	1	L3-survey	media player	hazme el favor de poner otra canción	{"AllResults":[{"CommandKind":"MusicPlayerCommand","NativeData":{"CommandType":"MUSIC_PLAYER_RESPONSE_SKIP"}}]}	{"AllResults":[{"CommandKind":"MusicPlayerCommand","NativeData":{"CommandType":"MUSIC_PLAYER_RESPONSE_SKIP"}}]}	MATCH	MusicPlayerCommand -> MUSIC_PLAYER_RESPONSE_SKIP -> SkipAmount:0	MusicPlayerCommand -> MUSIC_PLAYER_RESPONSE_SKIP -> SkipAmount:0	PASS	b1b90d34-6db8-b347-bdd9-ce58f6f0d1f7	1.1461	-	MPC
2498	1	L3-survey	media player	muévete a la siguiente canción	{"AllResults":[{"CommandKind":"MusicPlayerCommand","NativeData":{"CommandType":"MUSIC_PLAYER_RESPONSE_SKIP"}}]}	{"AllResults":[{"CommandKind":"MusicPlayerCommand","NativeData":{"CommandType":"MUSIC_PLAYER_RESPONSE_SKIP"}}]}	MATCH	MusicPlayerCommand -> MUSIC_PLAYER_RESPONSE_SKIP -> SkipAmount:0	MusicPlayerCommand -> MUSIC_PLAYER_RESPONSE_SKIP -> SkipAmount:0	PASS	46078a31-ee2d-c7cf-fead-07307cde537c	1.0066	-	MPC
2499	1	L3-survey	media player	oír música	{"AllResults":[{"CommandKind":"MusicPlayerCommand","NativeData":{"CommandType":"MUSIC_PLAYER_RESPONSE_PLAY_CURRENT_SONG"}}]}	{"AllResults":[{"CommandKind":"MusicPlayerCommand","NativeData":{"CommandType":"MUSIC_PLAYER_RESPONSE_PLAY_CURRENT_SONG"}}]}	MATCH	MusicPlayerCommand -> MUSIC_PLAYER_RESPONSE_PLAY_CURRENT_SONG	MusicPlayerCommand -> MUSIC_PLAYER_RESPONSE_PLAY_CURRENT_SONG	PASS	1fd719c9-b9c4-3517-8cb7-3d9d12bfbb80	0.6584	-	MPC
2500	1	L3-survey	media player	pasa 3 canciones	{"AllResults":[{"CommandKind":"MusicPlayerCommand","NativeData":{"CommandType":"MUSIC_PLAYER_RESPONSE_SKIP","SkipAmount":2.0}}]}	{"AllResults":[{"CommandKind":"MusicPlayerCommand","NativeData":{"CommandType":"MUSIC_PLAYER_RESPONSE_SKIP","SkipAmount":2}}]}	MATCH	MusicPlayerCommand -> MUSIC_PLAYER_RESPONSE_SKIP -> SkipAmount:2	MusicPlayerCommand -> MUSIC_PLAYER_RESPONSE_SKIP -> SkipAmount:2	PASS	45f6c3b9-56f8-3314-da56-9e4f6909bce7	1.1997	-	MPC
2501	1	L3-survey	media player	pasá a la canción siguiente	{"AllResults":[{"CommandKind":"MusicPlayerCommand","NativeData":{"CommandType":"MUSIC_PLAYER_RESPONSE_SKIP","SkipAmount":0.0}}]}	{"AllResults":[{"CommandKind":"MusicPlayerCommand","NativeData":{"CommandType":"MUSIC_PLAYER_RESPONSE_SKIP","SkipAmount":0}}]}	MATCH	MusicPlayerCommand -> MUSIC_PLAYER_RESPONSE_SKIP -> SkipAmount:0	MusicPlayerCommand -> MUSIC_PLAYER_RESPONSE_SKIP -> SkipAmount:0	PASS	a22264b6-4c77-ae4a-6f08-5ae0437e0cd8	0.8357	-	MPC
2502	1	L3-survey	media player	pausa justo ahora	{"AllResults":[{"CommandKind":"MusicPlayerCommand","NativeData":{"CommandType":"MUSIC_PLAYER_RESPONSE_PAUSE"}}]}	{"AllResults":[{"CommandKind":"MusicPlayerCommand","NativeData":{"CommandType":"MUSIC_PLAYER_RESPONSE_PAUSE"}}]}	MATCH	MusicPlayerCommand -> MUSIC_PLAYER_RESPONSE_PAUSE	MusicPlayerCommand -> MUSIC_PLAYER_RESPONSE_PAUSE	PASS	c403e749-f8c5-04eb-895c-fc36b2b76236	0.9975	-	MPC
2503	1	L3-survey	media player	pausa la pista	{"AllResults":[{"CommandKind":"MusicPlayerCommand","NativeData":{"CommandType":"MUSIC_PLAYER_RESPONSE_PAUSE"}}]}	{"AllResults":[{"CommandKind":"MusicPlayerCommand","NativeData":{"CommandType":"MUSIC_PLAYER_RESPONSE_PAUSE"}}]}	MATCH	MusicPlayerCommand -> MUSIC_PLAYER_RESPONSE_PAUSE	MusicPlayerCommand -> MUSIC_PLAYER_RESPONSE_PAUSE	PASS	deccd8f2-07f6-8f84-3194-7b53f7c4d286	0.9253	-	MPC
2504	1	L3-survey	media player	pausar música	{"AllResults":[{"CommandKind":"MusicPlayerCommand","NativeData":{"CommandType":"MUSIC_PLAYER_RESPONSE_PAUSE"}}]}	{"AllResults":[{"CommandKind":"MusicPlayerCommand","NativeData":{"CommandType":"MUSIC_PLAYER_RESPONSE_PAUSE"}}]}	MATCH	MusicPlayerCommand -> MUSIC_PLAYER_RESPONSE_PAUSE	MusicPlayerCommand -> MUSIC_PLAYER_RESPONSE_PAUSE	PASS	66454e20-c264-4d68-d33c-f288f6d131e0	0.698	-	MPC
2505	1	L3-survey	media player	pon el modo aleatorio	{"AllResults":[{"CommandKind":"MusicPlayerCommand","NativeData":{"CommandType":"MUSIC_PLAYER_RESPONSE_SHUFFLE_ON"}}]}	{"AllResults":[{"CommandKind":"MusicPlayerCommand","NativeData":{"CommandType":"MUSIC_PLAYER_RESPONSE_SHUFFLE_ON"}}]}	MATCH	MusicPlayerCommand -> MUSIC_PLAYER_RESPONSE_SHUFFLE_ON	MusicPlayerCommand -> MUSIC_PLAYER_RESPONSE_SHUFFLE_ON	PASS	7ba23dbe-6135-ec49-fa58-c8c415509958	1.1786	-	MPC
2506	1	L3-survey	media player	pon el modo shuffle	{"AllResults":[{"CommandKind":"MusicPlayerCommand","NativeData":{"CommandType":"MUSIC_PLAYER_RESPONSE_SHUFFLE_ON"}}]}	{"AllResults":[{"CommandKind":"MusicPlayerCommand","NativeData":{"CommandType":"MUSIC_PLAYER_RESPONSE_SHUFFLE_ON"}}]}	MATCH	MusicPlayerCommand -> MUSIC_PLAYER_RESPONSE_SHUFFLE_ON	MusicPlayerCommand -> MUSIC_PLAYER_RESPONSE_SHUFFLE_ON	PASS	a256223c-2ab9-123c-a8f6-3c15fe326489	1.2309	-	MPC
2507	1	L3-survey	media player	pon la próxima	{"AllResults":[{"CommandKind":"MusicPlayerCommand","NativeData":{"CommandType":"MUSIC_PLAYER_RESPONSE_SKIP","SkipAmount":0.0}}]}	{"AllResults":[{"CommandKind":"MusicPlayerCommand","NativeData":{"CommandType":"MUSIC_PLAYER_RESPONSE_SKIP","SkipAmount":0}}]}	MATCH	MusicPlayerCommand -> MUSIC_PLAYER_RESPONSE_SKIP -> SkipAmount:0	MusicPlayerCommand -> MUSIC_PLAYER_RESPONSE_SKIP -> SkipAmount:0	PASS	e076d209-0468-50f1-21ed-74c3d97fa581	1.3642	-	MPC
2508	1	L3-survey	media player	pon otro álbum	{"AllResults":[{"CommandKind":"MusicPlayerCommand","NativeData":{"CommandType":"MUSIC_PLAYER_RESPONSE_SKIP_ALBUM"}}]}	{"AllResults":[{"CommandKind":"MusicPlayerCommand","NativeData":{"CommandType":"MUSIC_PLAYER_RESPONSE_SKIP_ALBUM"}}]}	MATCH	MusicPlayerCommand -> MUSIC_PLAYER_RESPONSE_SKIP_ALBUM	MusicPlayerCommand -> MUSIC_PLAYER_RESPONSE_SKIP_ALBUM	PASS	a5a18225-e759-e3ce-8fcd-76c53da663af	1.116	-	MPC
2511	1	L3-survey	media player	poné la música	{"AllResults":[{"CommandKind":"MusicPlayerCommand","NativeData":{"CommandType":"MUSIC_PLAYER_RESPONSE_PAUSE"}}]}	{"AllResults":[{"CommandKind":"MusicPlayerCommand","NativeData":{"CommandType":"MUSIC_PLAYER_RESPONSE_PAUSE"}}]}	MATCH	MusicPlayerCommand -> MUSIC_PLAYER_RESPONSE_PAUSE	MusicPlayerCommand -> MUSIC_PLAYER_RESPONSE_PAUSE	PASS	52d88133-4ec1-29ed-4c41-9e05e141afd5	1.5353	-	MPC
2513	1	L3-survey	media player	ponla en pausa	{"AllResults":[{"CommandKind":"MusicPlayerCommand","NativeData":{"CommandType":"MUSIC_PLAYER_RESPONSE_PAUSE"}}]}	{"AllResults":[{"CommandKind":"MusicPlayerCommand","NativeData":{"CommandType":"MUSIC_PLAYER_RESPONSE_PAUSE"}}]}	MATCH	MusicPlayerCommand -> MUSIC_PLAYER_RESPONSE_PAUSE	MusicPlayerCommand -> MUSIC_PLAYER_RESPONSE_PAUSE	PASS	715a33b8-71ad-0796-4cd1-bf774efdd695	0.9014	-	MPC
2514	1	L3-survey	media player	ponlo en aleatorio	{"AllResults":[{"CommandKind":"MusicPlayerCommand","NativeData":{"CommandType":"MUSIC_PLAYER_RESPONSE_SHUFFLE_ON"}}]}	{"AllResults":[{"CommandKind":"MusicPlayerCommand","NativeData":{"CommandType":"MUSIC_PLAYER_RESPONSE_SHUFFLE_ON"}}]}	MATCH	MusicPlayerCommand -> MUSIC_PLAYER_RESPONSE_SHUFFLE_ON	MusicPlayerCommand -> MUSIC_PLAYER_RESPONSE_SHUFFLE_ON	PASS	b31cb456-691d-a856-86ca-8c0d87c11412	1.008	-	MPC
2515	1	L3-survey	media player	que suene la canción 2	{"AllResults":[{"CommandKind":"MusicPlayerCommand","NativeData":{"CommandType":"MUSIC_PLAYER_RESPONSE_PLAY_NUMBERED_TRACK"}}]}	{"AllResults":[{"CommandKind":"MusicPlayerCommand","NativeData":{"CommandType":"MUSIC_PLAYER_RESPONSE_PLAY_NUMBERED_TRACK"}}]}	MATCH	MusicPlayerCommand -> MUSIC_PLAYER_RESPONSE_PLAY_NUMBERED_TRACK -> PlayNumberedTrackTrackNumber:2	MusicPlayerCommand -> MUSIC_PLAYER_RESPONSE_PLAY_NUMBERED_TRACK -> PlayNumberedTrackTrackNumber:2	PASS	f22874a1-fcd7-4deb-732a-6fced43313bc	0.7555	-	MPC
2516	1	L3-survey	media player	reanuda la música	{"AllResults":[{"CommandKind":"MusicPlayerCommand","NativeData":{"CommandType":"MUSIC_PLAYER_RESPONSE_PLAY_CURRENT_SONG"}}]}	{"AllResults":[{"CommandKind":"MusicPlayerCommand","NativeData":{"CommandType":"MUSIC_PLAYER_RESPONSE_PLAY_CURRENT_SONG"}}]}	MATCH	MusicPlayerCommand -> MUSIC_PLAYER_RESPONSE_PLAY_CURRENT_SONG	MusicPlayerCommand -> MUSIC_PLAYER_RESPONSE_PLAY_CURRENT_SONG	PASS	1c8d5936-9253-10ec-dc99-0bf994511ec3	0.8244	-	MPC
2517	1	L3-survey	media player	rebobina 1 minuto	{"AllResults":[{"CommandKind":"MusicPlayerCommand","NativeData":{"CommandType":"MUSIC_PLAYER_RESPONSE_REWIND"}}]}	{"AllResults":[{"CommandKind":"MusicPlayerCommand","NativeData":{"CommandType":"MUSIC_PLAYER_RESPONSE_REWIND"}}]}	MATCH	MusicPlayerCommand -> MUSIC_PLAYER_RESPONSE_REWIND -> RewindFastForwardAmountinSeconds:60	MusicPlayerCommand -> MUSIC_PLAYER_RESPONSE_REWIND -> RewindFastForwardAmountinSeconds:60	PASS	dba0fcbf-26c5-7a34-55ae-f32430d46962	1.281	-	MPC
2518	1	L3-survey	media player	rebobina tres minutos	{"AllResults":[{"CommandKind":"MusicPlayerCommand","NativeData":{"CommandType":"MUSIC_PLAYER_RESPONSE_REWIND"}}]}	{"AllResults":[{"CommandKind":"MusicPlayerCommand","NativeData":{"CommandType":"MUSIC_PLAYER_RESPONSE_REWIND"}}]}	MATCH	MusicPlayerCommand -> MUSIC_PLAYER_RESPONSE_REWIND -> RewindFastForwardAmountinSeconds:180	MusicPlayerCommand -> MUSIC_PLAYER_RESPONSE_REWIND -> RewindFastForwardAmountinSeconds:180	PASS	fcb10252-be6d-3a15-b68e-e470806b5e9d	0.8778	-	MPC
2520	1	L3-survey	media player	reinicia la canción	{"AllResults":[{"CommandKind":"MusicPlayerCommand","NativeData":{"CommandType":"MUSIC_PLAYER_RESPONSE_REPLAY"}}]}	{"AllResults":[{"CommandKind":"MusicPlayerCommand","NativeData":{"CommandType":"MUSIC_PLAYER_RESPONSE_REPLAY"}}]}	MATCH	MusicPlayerCommand -> MUSIC_PLAYER_RESPONSE_REPLAY	MusicPlayerCommand -> MUSIC_PLAYER_RESPONSE_REPLAY	PASS	caa3fdd2-8051-1641-1e98-a2d158eddea9	0.7915	-	MPC
2526	1	L3-survey	media player	reprodúcelas aleatoriamente	{"AllResults":[{"CommandKind":"MusicPlayerCommand","NativeData":{"CommandType":"MUSIC_PLAYER_RESPONSE_SHUFFLE"}}]}	{"AllResults":[{"CommandKind":"MusicPlayerCommand","NativeData":{"CommandType":"MUSIC_PLAYER_RESPONSE_SHUFFLE"}}]}	MATCH	MusicPlayerCommand -> MUSIC_PLAYER_RESPONSE_SHUFFLE -> UserRequestedAll:true -> UserSpecifiedPlaylist:true	MusicPlayerCommand -> MUSIC_PLAYER_RESPONSE_SHUFFLE -> UserRequestedAll:true -> UserSpecifiedPlaylist:true	PASS	7357dc0c-fe55-a10f-148a-b5a3d89d2479	1.0189	-	MPC
2527	1	L3-survey	media player	reproducí aleatoriamente	{"AllResults":[{"CommandKind":"MusicPlayerCommand","NativeData":{"CommandType":"MUSIC_PLAYER_RESPONSE_SHUFFLE","UserRequestedAll":true,"UserSpecifiedPlaylist":true}}]}	{"AllResults":[{"CommandKind":"MusicPlayerCommand","NativeData":{"CommandType":"MUSIC_PLAYER_RESPONSE_SHUFFLE","UserRequestedAll":true,"UserSpecifiedPlaylist":true}}]}	MATCH	MusicPlayerCommand -> MUSIC_PLAYER_RESPONSE_SHUFFLE -> UserRequestedAll:true -> UserSpecifiedPlaylist:true	MusicPlayerCommand -> MUSIC_PLAYER_RESPONSE_SHUFFLE -> UserRequestedAll:true -> UserSpecifiedPlaylist:true	PASS	c3e97b09-e7a5-28eb-f46c-80c97c124ee7	0.9047	-	MPC
2528	1	L3-survey	media player	retrasa la canción veinte segundos	{"AllResults":[{"CommandKind":"MusicPlayerCommand","NativeData":{"CommandType":"MUSIC_PLAYER_RESPONSE_REWIND"}}]}	{"AllResults":[{"CommandKind":"MusicPlayerCommand","NativeData":{"CommandType":"MUSIC_PLAYER_RESPONSE_REWIND"}}]}	MATCH	MusicPlayerCommand -> MUSIC_PLAYER_RESPONSE_REWIND -> RewindFastForwardAmountinSeconds:20	MusicPlayerCommand -> MUSIC_PLAYER_RESPONSE_REWIND -> RewindFastForwardAmountinSeconds:20	PASS	1ee4cd4c-6794-2627-fa22-02d24d551d8d	1.0971	-	MPC
2529	1	L3-survey	media player	retrocede 20 segundos en esta canción	{"AllResults":[{"CommandKind":"MusicPlayerCommand","NativeData":{"CommandType":"MUSIC_PLAYER_RESPONSE_REWIND"}}]}	{"AllResults":[{"CommandKind":"MusicPlayerCommand","NativeData":{"CommandType":"MUSIC_PLAYER_RESPONSE_REWIND"}}]}	MATCH	MusicPlayerCommand -> MUSIC_PLAYER_RESPONSE_REWIND -> RewindFastForwardAmountinSeconds:20	MusicPlayerCommand -> MUSIC_PLAYER_RESPONSE_REWIND -> RewindFastForwardAmountinSeconds:20	PASS	15b7778a-1d22-bc28-8683-d6f485237c58	0.9105	-	MPC
2530	1	L3-survey	media player	salta a la próxima canción	{"AllResults":[{"CommandKind":"MusicPlayerCommand","NativeData":{"CommandType":"MUSIC_PLAYER_RESPONSE_SKIP","SkipAmount":0.0}}]}	{"AllResults":[{"CommandKind":"MusicPlayerCommand","NativeData":{"CommandType":"MUSIC_PLAYER_RESPONSE_SKIP","SkipAmount":0}}]}	MATCH	MusicPlayerCommand -> MUSIC_PLAYER_RESPONSE_SKIP -> SkipAmount:0	MusicPlayerCommand -> MUSIC_PLAYER_RESPONSE_SKIP -> SkipAmount:0	PASS	f54de8dc-7343-e827-5cb6-43efef05b848	0.8479	-	MPC
2531	1	L3-survey	media player	salta a la siguiente	{"AllResults":[{"CommandKind":"MusicPlayerCommand","NativeData":{"CommandType":"MUSIC_PLAYER_RESPONSE_SKIP","SkipAmount":0.0}}]}	{"AllResults":[{"CommandKind":"MusicPlayerCommand","NativeData":{"CommandType":"MUSIC_PLAYER_RESPONSE_SKIP","SkipAmount":0}}]}	MATCH	MusicPlayerCommand -> MUSIC_PLAYER_RESPONSE_SKIP -> SkipAmount:0	MusicPlayerCommand -> MUSIC_PLAYER_RESPONSE_SKIP -> SkipAmount:0	PASS	b240dd1f-711c-8fc8-7466-17cde3821e44	0.881	-	MPC
2532	1	L3-survey	media player	salta canción	{"AllResults":[{"CommandKind":"MusicPlayerCommand","NativeData":{"CommandType":"MUSIC_PLAYER_RESPONSE_SKIP","SkipAmount":0.0}}]}	{"AllResults":[{"CommandKind":"MusicPlayerCommand","NativeData":{"CommandType":"MUSIC_PLAYER_RESPONSE_SKIP","SkipAmount":0}}]}	MATCH	MusicPlayerCommand -> MUSIC_PLAYER_RESPONSE_SKIP -> SkipAmount:0	MusicPlayerCommand -> MUSIC_PLAYER_RESPONSE_SKIP -> SkipAmount:0	PASS	22b25581-cf41-5192-52d1-32dba84f0415	1.002	-	MPC
2533	1	L3-survey	media player	salta cuatro canciones hacia delante	{"AllResults":[{"CommandKind":"MusicPlayerCommand","NativeData":{"CommandType":"MUSIC_PLAYER_RESPONSE_SKIP","SkipAmount":3.0}}]}	{"AllResults":[{"CommandKind":"MusicPlayerCommand","NativeData":{"CommandType":"MUSIC_PLAYER_RESPONSE_SKIP","SkipAmount":3}}]}	MATCH	MusicPlayerCommand -> MUSIC_PLAYER_RESPONSE_SKIP -> SkipAmount:3	MusicPlayerCommand -> MUSIC_PLAYER_RESPONSE_SKIP -> SkipAmount:3	PASS	b87f2942-b211-616e-a133-e6b640e75241	1.1547	-	MPC
2534	1	L3-survey	media player	saltar canción	{"AllResults":[{"CommandKind":"MusicPlayerCommand","NativeData":{"CommandType":"MUSIC_PLAYER_RESPONSE_SKIP","SkipAmount":0.0}}]}	{"AllResults":[{"CommandKind":"MusicPlayerCommand","NativeData":{"CommandType":"MUSIC_PLAYER_RESPONSE_SKIP","SkipAmount":0}}]}	MATCH	MusicPlayerCommand -> MUSIC_PLAYER_RESPONSE_SKIP -> SkipAmount:0	MusicPlayerCommand -> MUSIC_PLAYER_RESPONSE_SKIP -> SkipAmount:0	PASS	36c45ca5-1d63-76f1-1e36-14fb07759005	0.6856	-	MPC
2535	1	L3-survey	media player	salta las siguientes 2 canciones	{"AllResults":[{"CommandKind":"MusicPlayerCommand","NativeData":{"CommandType":"MUSIC_PLAYER_RESPONSE_SKIP","SkipAmount":1.0}}]}	{"AllResults":[{"CommandKind":"MusicPlayerCommand","NativeData":{"CommandType":"MUSIC_PLAYER_RESPONSE_SKIP","SkipAmount":1}}]}	MATCH	MusicPlayerCommand -> MUSIC_PLAYER_RESPONSE_SKIP -> SkipAmount:1	MusicPlayerCommand -> MUSIC_PLAYER_RESPONSE_SKIP -> SkipAmount:1	PASS	e2bf8981-f20e-b2ca-19ea-47e4e5fbcb1b	0.9216	-	MPC
2536	1	L3-survey	media player	saltate dos canciones	{"AllResults":[{"CommandKind":"MusicPlayerCommand","NativeData":{"CommandType":"MUSIC_PLAYER_RESPONSE_SKIP","SkipAmount":1.0}}]}	{"AllResults":[{"CommandKind":"MusicPlayerCommand","NativeData":{"CommandType":"MUSIC_PLAYER_RESPONSE_SKIP","SkipAmount":1}}]}	MATCH	MusicPlayerCommand -> MUSIC_PLAYER_RESPONSE_SKIP -> SkipAmount:1	MusicPlayerCommand -> MUSIC_PLAYER_RESPONSE_SKIP -> SkipAmount:1	PASS	ea238a0b-7c03-41ac-49cf-932d6c53afc4	0.9532	-	MPC
2537	1	L3-survey	media player	saltate esa canción	{"AllResults":[{"CommandKind":"MusicPlayerCommand","NativeData":{"CommandType":"MUSIC_PLAYER_RESPONSE_SKIP","SkipAmount":0.0}}]}	{"AllResults":[{"CommandKind":"MusicPlayerCommand","NativeData":{"CommandType":"MUSIC_PLAYER_RESPONSE_SKIP","SkipAmount":0}}]}	MATCH	MusicPlayerCommand -> MUSIC_PLAYER_RESPONSE_SKIP -> SkipAmount:0	MusicPlayerCommand -> MUSIC_PLAYER_RESPONSE_SKIP -> SkipAmount:0	PASS	cb4fe32d-1681-b527-9ca9-96b29992788d	0.8047	-	MPC
2538	1	L3-survey	media player	sáltate esta canción	{"AllResults":[{"CommandKind":"MusicPlayerCommand","NativeData":{"CommandType":"MUSIC_PLAYER_RESPONSE_SKIP","SkipAmount":0.0}}]}	{"AllResults":[{"CommandKind":"MusicPlayerCommand","NativeData":{"CommandType":"MUSIC_PLAYER_RESPONSE_SKIP","SkipAmount":0}}]}	MATCH	MusicPlayerCommand -> MUSIC_PLAYER_RESPONSE_SKIP -> SkipAmount:0	MusicPlayerCommand -> MUSIC_PLAYER_RESPONSE_SKIP -> SkipAmount:0	PASS	65fad390-93b0-0233-4850-5b6ff12ad63e	0.8793	-	MPC
2539	1	L3-survey	media player	sigue con la música	{"AllResults":[{"CommandKind":"MusicPlayerCommand","NativeData":{"CommandType":"MUSIC_PLAYER_RESPONSE_PLAY_CURRENT_SONG"}}]}	{"AllResults":[{"CommandKind":"MusicPlayerCommand","NativeData":{"CommandType":"MUSIC_PLAYER_RESPONSE_PLAY_CURRENT_SONG"}}]}	MATCH	MusicPlayerCommand -> MUSIC_PLAYER_RESPONSE_PLAY_CURRENT_SONG	MusicPlayerCommand -> MUSIC_PLAYER_RESPONSE_PLAY_CURRENT_SONG	PASS	bc6e11fd-63a1-e3b6-2f84-8bac186a227e	0.9074	-	MPC
2540	1	L3-survey	media player	sigue tocando la canción	{"AllResults":[{"CommandKind":"MusicPlayerCommand","NativeData":{"CommandType":"MUSIC_PLAYER_RESPONSE_PLAY_CURRENT_SONG"}}]}	{"AllResults":[{"CommandKind":"MusicPlayerCommand","NativeData":{"CommandType":"MUSIC_PLAYER_RESPONSE_PLAY_CURRENT_SONG"}}]}	MATCH	MusicPlayerCommand -> MUSIC_PLAYER_RESPONSE_PLAY_CURRENT_SONG	MusicPlayerCommand -> MUSIC_PLAYER_RESPONSE_PLAY_CURRENT_SONG	PASS	d4145349-0249-2f34-3c67-6a1cadb82eae	0.8644	-	MPC
2542	1	L3-survey	media player	terminar canción	{"AllResults":[{"CommandKind":"MusicPlayerCommand","NativeData":{"CommandType":"MUSIC_PLAYER_RESPONSE_STOP"}}]}	{"AllResults":[{"CommandKind":"MusicPlayerCommand","NativeData":{"CommandType":"MUSIC_PLAYER_RESPONSE_STOP"}}]}	MATCH	MusicPlayerCommand -> MUSIC_PLAYER_RESPONSE_STOP	MusicPlayerCommand -> MUSIC_PLAYER_RESPONSE_STOP	PASS	1cdfba95-5405-d6d2-08ed-72c5ee0d28a7	0.6637	-	MPC
2543	1	L3-survey	media player	toca el track 4	{"AllResults":[{"CommandKind":"MusicPlayerCommand","NativeData":{"CommandType":"MUSIC_PLAYER_RESPONSE_PLAY_NUMBERED_TRACK","PlayNumberedTrackTrackNumber":4.0}}]}	{"AllResults":[{"CommandKind":"MusicPlayerCommand","NativeData":{"CommandType":"MUSIC_PLAYER_RESPONSE_PLAY_NUMBERED_TRACK","PlayNumberedTrackTrackNumber":4}}]}	MATCH	MusicPlayerCommand -> MUSIC_PLAYER_RESPONSE_PLAY_NUMBERED_TRACK -> PlayNumberedTrackTrackNumber:4	MusicPlayerCommand -> MUSIC_PLAYER_RESPONSE_PLAY_NUMBERED_TRACK -> PlayNumberedTrackTrackNumber:4	PASS	b10acf3e-0d2c-a356-9cbc-a6b820af6959	1.1069	-	MPC
2545	1	L3-survey	media player	ve a la anterior canción	{"AllResults":[{"CommandKind":"MusicPlayerCommand","NativeData":{"CommandType":"MUSIC_PLAYER_RESPONSE_SKIP","SkipAmount":-1.0}}]}	{"AllResults":[{"CommandKind":"MusicPlayerCommand","NativeData":{"CommandType":"MUSIC_PLAYER_RESPONSE_SKIP","SkipAmount":-1}}]}	MATCH	MusicPlayerCommand -> MUSIC_PLAYER_RESPONSE_SKIP -> SkipAmount:-1	MusicPlayerCommand -> MUSIC_PLAYER_RESPONSE_SKIP -> SkipAmount:-1	PASS	7d71b968-0c9b-aef2-a295-86a23a981b4e	2.0256	-	MPC
2546	1	L3-survey	media player	ve a la pista anterior	{"AllResults":[{"CommandKind":"MusicPlayerCommand","NativeData":{"CommandType":"MUSIC_PLAYER_RESPONSE_SKIP","SkipAmount":-1.0}}]}	{"AllResults":[{"CommandKind":"MusicPlayerCommand","NativeData":{"CommandType":"MUSIC_PLAYER_RESPONSE_SKIP","SkipAmount":-1}}]}	MATCH	MusicPlayerCommand -> MUSIC_PLAYER_RESPONSE_SKIP -> SkipAmount:-1	MusicPlayerCommand -> MUSIC_PLAYER_RESPONSE_SKIP -> SkipAmount:-1	PASS	5f7e2835-e647-6645-f6ae-051a34810e4f	2.629	-	MPC
2547	1	L3-survey	media player	ve a la próxima pista	{"AllResults":[{"CommandKind":"MusicPlayerCommand","NativeData":{"CommandType":"MUSIC_PLAYER_RESPONSE_SKIP","SkipAmount":0.0}}]}	{"AllResults":[{"CommandKind":"MusicPlayerCommand","NativeData":{"CommandType":"MUSIC_PLAYER_RESPONSE_SKIP","SkipAmount":0}}]}	MATCH	MusicPlayerCommand -> MUSIC_PLAYER_RESPONSE_SKIP -> SkipAmount:0	MusicPlayerCommand -> MUSIC_PLAYER_RESPONSE_SKIP -> SkipAmount:0	PASS	4a3d87b2-f149-9a13-5248-f1132909c398	4.0583	-	MPC
2548	1	L3-survey	media player	volvé al principio	{"AllResults":[{"CommandKind":"MusicPlayerCommand","NativeData":{"CommandType":"MUSIC_PLAYER_RESPONSE_SEEK"}}]}	{"AllResults":[{"CommandKind":"MusicPlayerCommand","NativeData":{"CommandType":"MUSIC_PLAYER_RESPONSE_SEEK"}}]}	MATCH	MusicPlayerCommand -> MUSIC_PLAYER_RESPONSE_SEEK -> SeekOffsetPercentage:0.0	MusicPlayerCommand -> MUSIC_PLAYER_RESPONSE_SEEK -> SeekOffsetPercentage:0.0	PASS	36859b5d-b7f5-e5a0-c815-c33b98626c43	0.857	-	MPC
2549	1	L3-survey	media player	volver a poner la misma canción	{"AllResults":[{"CommandKind":"MusicPlayerCommand","NativeData":{"CommandType":"MUSIC_PLAYER_RESPONSE_SEEK"}}]}	{"AllResults":[{"CommandKind":"MusicPlayerCommand","NativeData":{"CommandType":"MUSIC_PLAYER_RESPONSE_SEEK"}}]}	MATCH	MusicPlayerCommand -> MUSIC_PLAYER_RESPONSE_SEEK -> SeekOffsetPercentage:0.0	MusicPlayerCommand -> MUSIC_PLAYER_RESPONSE_SEEK -> SeekOffsetPercentage:0.0	PASS	2a173c0a-f14f-5aa1-d556-2304acc3b13c	0.6716	-	MPC
2601	1	L3-survey	media player	continúa con música	{"AllResults":[{"CommandKind":"MusicPlayerCommand","NativeData":{"CommandType":"MUSIC_PLAYER_RESPONSE_PLAY_CURRENT_SONG"}}]}	{"AllResults":[{"CommandKind":"MusicPlayerCommand","NativeData":{"CommandType":"MUSIC_PLAYER_RESPONSE_PLAY_CURRENT_SONG"}}]}	MATCH	MusicPlayerCommand -> MUSIC_PLAYER_RESPONSE_PLAY_CURRENT_SONG	MusicPlayerCommand -> MUSIC_PLAYER_RESPONSE_PLAY_CURRENT_SONG	PASS	36a50f26-bb1b-3827-b3bc-5554fe7c05d3	0.794	-	MPC
2715	1	L3-survey	media source	reproduce la música de aux	{"AllResults":[{"CommandKind":"MusicPlayerCommand","NativeData":{"CommandType":"MUSIC_PLAYER_RESPONSE_PLAY_CURRENT_SONG"}}]}	{"AllResults":[{"CommandKind":"MusicPlayerCommand","NativeData":{"CommandType":"MUSIC_PLAYER_RESPONSE_PLAY_CURRENT_SONG"}}]}	MATCH	MusicPlayerCommand -> MUSIC_PLAYER_RESPONSE_PLAY_CURRENT_SONG	MusicPlayerCommand -> MUSIC_PLAYER_RESPONSE_PLAY_CURRENT_SONG	PASS	8b1186d5-901d-e7a8-7053-08e7c81917a6	1.7978	-	MPC